{"mean":{"confidence_interval":{"confidence_level":0.95,"lower_bound":5408051.651027779,"upper_bound":5940443.8816944435},"point_estimate":5657598.8,"standard_error":136188.4799847211},"median":{"confidence_interval":{"confidence_level":0.95,"lower_bound":5095323.888888889,"upper_bound":5113439.777777778},"point_estimate":5101402.555555556,"standard_error":4209.114231935938},"median_abs_dev":{"confidence_interval":{"confidence_level":0.95,"lower_bound":39529.08049821854,"upper_bound":125663.0322357018},"point_estimate":70606.59984648296,"standard_error":23985.22743473797},"slope":null,"std_dev":{"confidence_interval":{"confidence_level":0.95,"lower_bound":961695.4766161396,"upper_bound":1697549.3495050306},"point_estimate":1364816.7377937464,"standard_error":187574.40964317165}}