{"mean":{"confidence_interval":{"confidence_level":0.95,"lower_bound":5154822.390825001,"upper_bound":5202042.480025004},"point_estimate":5177696.3610000005,"standard_error":12105.968496090973},"median":{"confidence_interval":{"confidence_level":0.95,"lower_bound":5122504.7,"upper_bound":5165925.3},"point_estimate":5140739.6,"standard_error":11263.74193075758},"median_abs_dev":{"confidence_interval":{"confidence_level":0.95,"lower_bound":59669.0150606635,"upper_bound":110820.15598104996},"point_estimate":83833.09660166419,"standard_error":12755.420403141165},"slope":null,"std_dev":{"confidence_interval":{"confidence_level":0.95,"lower_bound":99818.6120611524,"upper_bound":141199.9184134721},"point_estimate":121999.58399451336,"standard_error":10556.760398778395}}