{"mean":{"confidence_interval":{"confidence_level":0.95,"lower_bound":4377975.841895835,"upper_bound":4534443.5314375},"point_estimate":4451659.598333334,"standard_error":40087.37789226993},"median":{"confidence_interval":{"confidence_level":0.95,"lower_bound":4276106.0,"upper_bound":4291562.458333334},"point_estimate":4286788.208333334,"standard_error":4270.711599637654},"median_abs_dev":{"confidence_interval":{"confidence_level":0.95,"lower_bound":43479.221028089756,"upper_bound":108689.36391662851},"point_estimate":78882.1640245628,"standard_error":16453.635649015396},"slope":null,"std_dev":{"confidence_interval":{"confidence_level":0.95,"lower_bound":289483.273430369,"upper_bound":499944.9892563443},"point_estimate":403803.01797219715,"standard_error":53659.84318297052}}