{"mean":{"confidence_interval":{"confidence_level":0.95,"lower_bound":22721600.48208333,"upper_bound":23157286.83666666},"point_estimate":22929302.53333334,"standard_error":111203.14464449465},"median":{"confidence_interval":{"confidence_level":0.95,"lower_bound":22403649.333333332,"upper_bound":22538067.0},"point_estimate":22480936.333333332,"standard_error":34278.47568385094},"median_abs_dev":{"confidence_interval":{"confidence_level":0.95,"lower_bound":216982.2126478012,"upper_bound":444135.0611150265},"point_estimate":325808.75721573556,"standard_error":60721.40080123735},"slope":null,"std_dev":{"confidence_interval":{"confidence_level":0.95,"lower_bound":843302.519022741,"upper_bound":1339763.950712182},"point_estimate":1116502.081336745,"standard_error":126743.97599274895}}