{"mean":{"confidence_interval":{"confidence_level":0.95,"lower_bound":4719834.634340908,"upper_bound":4767869.8338409085},"point_estimate":4743347.820909091,"standard_error":12286.544799523055},"median":{"confidence_interval":{"confidence_level":0.95,"lower_bound":4718158.181818182,"upper_bound":4759069.590909091},"point_estimate":4732428.227272727,"standard_error":9027.450561900778},"median_abs_dev":{"confidence_interval":{"confidence_level":0.95,"lower_bound":55821.26546829264,"upper_bound":120311.30309132031},"point_estimate":69282.84024271148,"standard_error":16259.792499442425},"slope":null,"std_dev":{"confidence_interval":{"confidence_level":0.95,"lower_bound":99401.42756748572,"upper_bound":146979.87829977248},"point_estimate":123594.75570134554,"standard_error":12192.988177590985}}