{"mean":{"confidence_interval":{"confidence_level":0.95,"lower_bound":7236437.035964287,"upper_bound":8122174.646071428},"point_estimate":7657324.438571428,"standard_error":225560.52490201767},"median":{"confidence_interval":{"confidence_level":0.95,"lower_bound":6632093.142857143,"upper_bound":6670206.0},"point_estimate":6644036.214285715,"standard_error":12014.941024157579},"median_abs_dev":{"confidence_interval":{"confidence_level":0.95,"lower_bound":50549.8815025603,"upper_bound":109302.03026450172},"point_estimate":71506.32623050845,"standard_error":17098.499675746272},"slope":null,"std_dev":{"confidence_interval":{"confidence_level":0.95,"lower_bound":1692214.26465754,"upper_bound":2723616.406457693},"point_estimate":2272238.316052529,"standard_error":263142.76053468406}}