{"mean":{"confidence_interval":{"confidence_level":0.95,"lower_bound":5136734.621181818,"upper_bound":5190934.531818183},"point_estimate":5163046.158181819,"standard_error":13829.933355323563},"median":{"confidence_interval":{"confidence_level":0.95,"lower_bound":5104413.954545455,"upper_bound":5141463.681818182},"point_estimate":5133996.454545455,"standard_error":8554.443736164012},"median_abs_dev":{"confidence_interval":{"confidence_level":0.95,"lower_bound":64269.09147717887,"upper_bound":117233.0885914244},"point_estimate":98541.41159599579,"standard_error":12812.280440542527},"slope":null,"std_dev":{"confidence_interval":{"confidence_level":0.95,"lower_bound":111593.6221100224,"upper_bound":161749.39535147484},"point_estimate":139071.46448964177,"standard_error":12791.282744606053}}