{"mean":{"confidence_interval":{"confidence_level":0.95,"lower_bound":24173187.569750004,"upper_bound":24345293.655500017},"point_estimate":24258439.31,"standard_error":43896.77716273151},"median":{"confidence_interval":{"confidence_level":0.95,"lower_bound":24124444.333333332,"upper_bound":24314416.333333336},"point_estimate":24230034.0,"standard_error":48466.75333231273},"median_abs_dev":{"confidence_interval":{"confidence_level":0.95,"lower_bound":310459.3996882494,"upper_bound":529897.5391924381},"point_estimate":410901.3472050419,"standard_error":56002.17000903201},"slope":null,"std_dev":{"confidence_interval":{"confidence_level":0.95,"lower_bound":375473.3200203359,"upper_bound":499409.8034295048},"point_estimate":440116.9723666644,"standard_error":31655.264503286726}}