{"mean":{"confidence_interval":{"confidence_level":0.95,"lower_bound":5701959.256055553,"upper_bound":5757003.3942777775},"point_estimate":5727996.375555556,"standard_error":14111.060065198613},"median":{"confidence_interval":{"confidence_level":0.95,"lower_bound":5678266.611111111,"upper_bound":5725156.166666666},"point_estimate":5706947.611111111,"standard_error":12912.108029193842},"median_abs_dev":{"confidence_interval":{"confidence_level":0.95,"lower_bound":90441.81069433666,"upper_bound":135671.76813801128},"point_estimate":112818.52736373735,"standard_error":10976.844745721952},"slope":null,"std_dev":{"confidence_interval":{"confidence_level":0.95,"lower_bound":100128.62282440418,"upper_bound":187345.34169254164},"point_estimate":141877.8980836389,"standard_error":23373.998142182805}}