{"mean":{"confidence_interval":{"confidence_level":0.95,"lower_bound":5064738.250449999,"upper_bound":5113095.890224999},"point_estimate":5088325.725,"standard_error":12366.339642748571},"median":{"confidence_interval":{"confidence_level":0.95,"lower_bound":5048606.0,"upper_bound":5081195.5},"point_estimate":5067889.1,"standard_error":7059.10108300577},"median_abs_dev":{"confidence_interval":{"confidence_level":0.95,"lower_bound":53547.54880084041,"upper_bound":100926.23632720135},"point_estimate":74638.75286489712,"standard_error":12131.282963420368},"slope":null,"std_dev":{"confidence_interval":{"confidence_level":0.95,"lower_bound":99754.05831040657,"upper_bound":144113.2142696681},"point_estimate":123659.36625144562,"standard_error":11344.491381829277}}