{"mean":{"confidence_interval":{"confidence_level":0.95,"lower_bound":17405494.712749995,"upper_bound":17847935.988166675},"point_estimate":17615674.79333333,"standard_error":112590.01644570638},"median":{"confidence_interval":{"confidence_level":0.95,"lower_bound":17238627.333333332,"upper_bound":17476037.166666664},"point_estimate":17365692.5,"standard_error":58695.704754176135},"median_abs_dev":{"confidence_interval":{"confidence_level":0.95,"lower_bound":483958.9319080096,"upper_bound":863913.9451524625},"point_estimate":692506.6333055506,"standard_error":93936.18559134343},"slope":null,"std_dev":{"confidence_interval":{"confidence_level":0.95,"lower_bound":805957.0056899129,"upper_bound":1416776.5443490327},"point_estimate":1130778.869015153,"standard_error":156366.083416564}}