{"mean":{"confidence_interval":{"confidence_level":0.95,"lower_bound":1830403.792191686,"upper_bound":1839996.5452013218},"point_estimate":1834680.9255089657,"standard_error":2448.8454077480187},"median":{"confidence_interval":{"confidence_level":0.95,"lower_bound":1829295.9375,"upper_bound":1835038.842857143},"point_estimate":1831474.2788480637,"standard_error":1567.1689058086642},"median_abs_dev":{"confidence_interval":{"confidence_level":0.95,"lower_bound":12532.270653183636,"upper_bound":22618.6784658539},"point_estimate":18353.111073764812,"standard_error":2433.0422712126224},"slope":{"confidence_interval":{"confidence_level":0.95,"lower_bound":1828215.5594963871,"upper_bound":1836155.0085962845},"point_estimate":1832197.0802009753,"standard_error":2028.2896865654882},"std_dev":{"confidence_interval":{"confidence_level":0.95,"lower_bound":14778.54128936674,"upper_bound":36083.41669859203},"point_estimate":24670.25298629983,"standard_error":6586.643091527878}}