{"mean":{"confidence_interval":{"confidence_level":0.95,"lower_bound":42569017.318375,"upper_bound":50926115.39174999},"point_estimate":46655677.32,"standard_error":2130193.5619637845},"median":{"confidence_interval":{"confidence_level":0.95,"lower_bound":39099467.5,"upper_bound":48255640.0},"point_estimate":43902035.0,"standard_error":2261827.3493795767},"median_abs_dev":{"confidence_interval":{"confidence_level":0.95,"lower_bound":18072732.44639486,"upper_bound":28007687.79883414},"point_estimate":23191196.843723953,"standard_error":2424480.0643732436},"slope":null,"std_dev":{"confidence_interval":{"confidence_level":0.95,"lower_bound":18102540.862101175,"upper_bound":24505675.8650235},"point_estimate":21353936.49174134,"standard_error":1637044.5679038814}}