{"mean":{"confidence_interval":{"confidence_level":0.95,"lower_bound":25136002.598,"upper_bound":27697579.095875},"point_estimate":26345804.88,"standard_error":652895.3261970404},"median":{"confidence_interval":{"confidence_level":0.95,"lower_bound":23183375.0,"upper_bound":23631292.75},"point_estimate":23334634.25,"standard_error":114892.23784156067},"median_abs_dev":{"confidence_interval":{"confidence_level":0.95,"lower_bound":404403.6057204008,"upper_bound":1010901.5258029103},"point_estimate":605764.7743955255,"standard_error":153424.03129397225},"slope":null,"std_dev":{"confidence_interval":{"confidence_level":0.95,"lower_bound":4886254.129519503,"upper_bound":7911181.703680657},"point_estimate":6552966.423250614,"standard_error":772648.8429637038}}