{"mean":{"confidence_interval":{"confidence_level":0.95,"lower_bound":5842207.326222222,"upper_bound":6784285.264611111},"point_estimate":6285132.9,"standard_error":240894.09851705428},"median":{"confidence_interval":{"confidence_level":0.95,"lower_bound":5286076.0,"upper_bound":5339151.388888889},"point_estimate":5312129.777777778,"standard_error":14668.70154679599},"median_abs_dev":{"confidence_interval":{"confidence_level":0.95,"lower_bound":71296.09120090726,"upper_bound":184659.06222164584},"point_estimate":107559.99235709477,"standard_error":29421.344482419197},"slope":null,"std_dev":{"confidence_interval":{"confidence_level":0.95,"lower_bound":1737010.5281736518,"upper_bound":2952597.6579622757},"point_estimate":2416711.4347880133,"standard_error":311389.8425808353}}