{"mean":{"confidence_interval":{"confidence_level":0.95,"lower_bound":6454767.916666664,"upper_bound":6530654.153333332},"point_estimate":6491369.933333333,"standard_error":19391.908681325887},"median":{"confidence_interval":{"confidence_level":0.95,"lower_bound":6417947.444444444,"upper_bound":6432300.333333334},"point_estimate":6425741.555555556,"standard_error":2769.356149900939},"median_abs_dev":{"confidence_interval":{"confidence_level":0.95,"lower_bound":33221.44127686811,"upper_bound":150926.12395385932},"point_estimate":108307.96404381632,"standard_error":33747.91522159213},"slope":null,"std_dev":{"confidence_interval":{"confidence_level":0.95,"lower_bound":150898.2911426861,"upper_bound":235294.61999681575},"point_estimate":195524.2091969465,"standard_error":21552.847798409963}}