{"mean":{"confidence_interval":{"confidence_level":0.95,"lower_bound":5993344.237333335,"upper_bound":6150977.933333334},"point_estimate":6068316.085555557,"standard_error":40218.910965829855},"median":{"confidence_interval":{"confidence_level":0.95,"lower_bound":5878901.777777778,"upper_bound":5892489.722222222},"point_estimate":5885150.722222222,"standard_error":4103.6841484542965},"median_abs_dev":{"confidence_interval":{"confidence_level":0.95,"lower_bound":59552.911009391304,"upper_bound":134332.86504844786},"point_estimate":86041.53633912373,"standard_error":19849.31210869249},"slope":null,"std_dev":{"confidence_interval":{"confidence_level":0.95,"lower_bound":311433.7877744282,"upper_bound":478464.2186081644},"point_estimate":402697.23745810037,"standard_error":42728.86541007423}}