{"mean":{"confidence_interval":{"confidence_level":0.95,"lower_bound":13878621.8465,"upper_bound":13920626.8749375},"point_estimate":13898970.6775,"standard_error":10733.594626446362},"median":{"confidence_interval":{"confidence_level":0.95,"lower_bound":13863043.0,"upper_bound":13892906.625},"point_estimate":13881663.625,"standard_error":7849.790134482914},"median_abs_dev":{"confidence_interval":{"confidence_level":0.95,"lower_bound":48229.347793757915,"upper_bound":93059.64982286096},"point_estimate":74004.34833616018,"standard_error":11410.648698872015},"slope":null,"std_dev":{"confidence_interval":{"confidence_level":0.95,"lower_bound":84610.16105796941,"upper_bound":130604.57031520476},"point_estimate":108185.40130424355,"standard_error":11809.424582819991}}