{"mean":{"confidence_interval":{"confidence_level":0.95,"lower_bound":4873945.352250004,"upper_bound":5243646.124999999},"point_estimate":5049285.666999999,"standard_error":94443.29310471997},"median":{"confidence_interval":{"confidence_level":0.95,"lower_bound":4728925.3,"upper_bound":4932519.6},"point_estimate":4816216.25,"standard_error":51560.23780414801},"median_abs_dev":{"confidence_interval":{"confidence_level":0.95,"lower_bound":448517.8490272163,"upper_bound":815559.3423709273},"point_estimate":670823.336880505,"standard_error":87067.04176910297},"slope":null,"std_dev":{"confidence_interval":{"confidence_level":0.95,"lower_bound":667513.3963301989,"upper_bound":1204066.3110222924},"point_estimate":951859.0510681018,"standard_error":137266.41026350847}}