{"mean":{"confidence_interval":{"confidence_level":0.95,"lower_bound":3078076.37665625,"upper_bound":3260951.323703125},"point_estimate":3161222.945,"standard_error":47040.48995680013},"median":{"confidence_interval":{"confidence_level":0.95,"lower_bound":2989441.375,"upper_bound":3015194.625},"point_estimate":2999014.59375,"standard_error":6417.650019672595},"median_abs_dev":{"confidence_interval":{"confidence_level":0.95,"lower_bound":34498.989437520504,"upper_bound":74000.17852373421},"point_estimate":50651.96248199791,"standard_error":10320.511144000098},"slope":null,"std_dev":{"confidence_interval":{"confidence_level":0.95,"lower_bound":262540.49858136533,"upper_bound":670523.986219711},"point_estimate":473039.70395518834,"standard_error":107888.0403002427}}