{"mean":{"confidence_interval":{"confidence_level":0.95,"lower_bound":5197829.495425003,"upper_bound":5250602.4665250005},"point_estimate":5223401.324,"standard_error":13535.47915205084},"median":{"confidence_interval":{"confidence_level":0.95,"lower_bound":5174758.7,"upper_bound":5226416.8},"point_estimate":5197877.65,"standard_error":12364.482838601309},"median_abs_dev":{"confidence_interval":{"confidence_level":0.95,"lower_bound":63767.069647908625,"upper_bound":111354.06617707037},"point_estimate":76827.29281604262,"standard_error":12248.649423495384},"slope":null,"std_dev":{"confidence_interval":{"confidence_level":0.95,"lower_bound":106141.66849501735,"upper_bound":163043.43695993652},"point_estimate":136064.71697514117,"standard_error":14531.130235995226}}