{"mean":{"confidence_interval":{"confidence_level":0.95,"lower_bound":65874757.692250006,"upper_bound":79512458.5305},"point_estimate":72371987.09,"standard_error":3487429.477263599},"median":{"confidence_interval":{"confidence_level":0.95,"lower_bound":53968336.0,"upper_bound":57586574.0},"point_estimate":55365900.0,"standard_error":989993.7451118072},"median_abs_dev":{"confidence_interval":{"confidence_level":0.95,"lower_bound":4702418.67531538,"upper_bound":10342167.447289824},"point_estimate":7099828.793352842,"standard_error":1490515.1465750777},"slope":null,"std_dev":{"confidence_interval":{"confidence_level":0.95,"lower_bound":27127376.233582675,"upper_bound":41559408.47178384},"point_estimate":35083889.61284564,"standard_error":3690401.7304746076}}