{"mean":{"confidence_interval":{"confidence_level":0.95,"lower_bound":8714834.174999997,"upper_bound":9021370.954958333},"point_estimate":8860747.874999998,"standard_error":78087.59881891319},"median":{"confidence_interval":{"confidence_level":0.95,"lower_bound":8522738.333333334,"upper_bound":8764048.0},"point_estimate":8668236.583333332,"standard_error":63113.40925512286},"median_abs_dev":{"confidence_interval":{"confidence_level":0.95,"lower_bound":392583.82453024364,"upper_bound":658849.8316943265},"point_estimate":568436.3664582395,"standard_error":68564.81094613936},"slope":null,"std_dev":{"confidence_interval":{"confidence_level":0.95,"lower_bound":579842.7946027806,"upper_bound":969162.7923146046},"point_estimate":785928.8285519413,"standard_error":99881.87797061687}}