{"mean":{"confidence_interval":{"confidence_level":0.95,"lower_bound":63231125.27025,"upper_bound":63459741.461},"point_estimate":63344687.31,"standard_error":58184.302788074005},"median":{"confidence_interval":{"confidence_level":0.95,"lower_bound":63244199.5,"upper_bound":63370522.0},"point_estimate":63296526.0,"standard_error":35934.27887978437},"median_abs_dev":{"confidence_interval":{"confidence_level":0.95,"lower_bound":176579.1394650936,"upper_bound":562336.863681525},"point_estimate":315245.9737032652,"standard_error":97768.08205079845},"slope":null,"std_dev":{"confidence_interval":{"confidence_level":0.95,"lower_bound":477567.9502371851,"upper_bound":686795.5281584408},"point_estimate":583500.3525379336,"standard_error":53668.55021510818}}