{"mean":{"confidence_interval":{"confidence_level":0.95,"lower_bound":8798360.142083338,"upper_bound":8967419.411666667},"point_estimate":8879418.435,"standard_error":43063.25730487459},"median":{"confidence_interval":{"confidence_level":0.95,"lower_bound":8712197.166666668,"upper_bound":8807715.166666668},"point_estimate":8768548.916666666,"standard_error":25145.98896623725},"median_abs_dev":{"confidence_interval":{"confidence_level":0.95,"lower_bound":211259.12964939888,"upper_bound":409482.4990302329},"point_estimate":290798.14723729994,"standard_error":51843.43195327806},"slope":null,"std_dev":{"confidence_interval":{"confidence_level":0.95,"lower_bound":328158.4782870939,"upper_bound":543473.8426603979},"point_estimate":435089.62516545295,"standard_error":55717.584646661926}}