{"mean":{"confidence_interval":{"confidence_level":0.95,"lower_bound":5477261.254833337,"upper_bound":6412385.102777779},"point_estimate":5916316.765555556,"standard_error":238387.65650912313},"median":{"confidence_interval":{"confidence_level":0.95,"lower_bound":4770877.555555556,"upper_bound":4953933.555555556},"point_estimate":4834683.833333334,"standard_error":43822.74603839891},"median_abs_dev":{"confidence_interval":{"confidence_level":0.95,"lower_bound":138921.67670031334,"upper_bound":391612.5568141546},"point_estimate":227037.37040261412,"standard_error":59959.11983192266},"slope":null,"std_dev":{"confidence_interval":{"confidence_level":0.95,"lower_bound":1726947.1926012055,"upper_bound":2931416.7332001436},"point_estimate":2392884.36340188,"standard_error":306568.5349063749}}