{"mean":{"confidence_interval":{"confidence_level":0.95,"lower_bound":5004699.551613636,"upper_bound":5056832.523840908},"point_estimate":5029595.196363635,"standard_error":13269.82937551575},"median":{"confidence_interval":{"confidence_level":0.95,"lower_bound":4975424.363636363,"upper_bound":5012274.7272727275},"point_estimate":5001282.2272727275,"standard_error":10238.09403874023},"median_abs_dev":{"confidence_interval":{"confidence_level":0.95,"lower_bound":50942.943786491676,"upper_bound":105376.46703828403},"point_estimate":66754.06381487846,"standard_error":14172.82842174896},"slope":null,"std_dev":{"confidence_interval":{"confidence_level":0.95,"lower_bound":99512.98716415695,"upper_bound":163709.5731871319},"point_estimate":133004.25502974255,"standard_error":16465.39576595085}}