{"mean":{"confidence_interval":{"confidence_level":0.95,"lower_bound":3766735.749875005,"upper_bound":3884072.7115714275},"point_estimate":3822115.257142859,"standard_error":30101.989944103923},"median":{"confidence_interval":{"confidence_level":0.95,"lower_bound":3692820.2142857146,"upper_bound":3724590.5714285714},"point_estimate":3702983.5357142854,"standard_error":8068.5950622591245},"median_abs_dev":{"confidence_interval":{"confidence_level":0.95,"lower_bound":46099.328181573226,"upper_bound":83085.19772119242},"point_estimate":53921.52564270111,"standard_error":9686.173748655401},"slope":null,"std_dev":{"confidence_interval":{"confidence_level":0.95,"lower_bound":221103.62609015004,"upper_bound":373099.61113566573},"point_estimate":301795.6487124477,"standard_error":38803.47401074697}}