{"mean":{"confidence_interval":{"confidence_level":0.95,"lower_bound":39493698.849,"upper_bound":44300072.348},"point_estimate":41803242.79,"standard_error":1232992.032651075},"median":{"confidence_interval":{"confidence_level":0.95,"lower_bound":35407623.5,"upper_bound":36626940.75},"point_estimate":35855830.75,"standard_error":282413.11101402604},"median_abs_dev":{"confidence_interval":{"confidence_level":0.95,"lower_bound":879155.097591877,"upper_bound":2427359.1100845113},"point_estimate":1471484.1803759336,"standard_error":360870.0821782291},"slope":null,"std_dev":{"confidence_interval":{"confidence_level":0.95,"lower_bound":9787248.512764413,"upper_bound":14396677.771801937},"point_estimate":12390405.907440111,"standard_error":1178019.391086968}}