{"mean":{"confidence_interval":{"confidence_level":0.95,"lower_bound":1609439.8395054084,"upper_bound":1621905.0619917444},"point_estimate":1615148.8517055037,"standard_error":3188.4170279888926},"median":{"confidence_interval":{"confidence_level":0.95,"lower_bound":1603960.7054804584,"upper_bound":1610464.920997921},"point_estimate":1606249.6420595534,"standard_error":1527.4181852555755},"median_abs_dev":{"confidence_interval":{"confidence_level":0.95,"lower_bound":11359.61545380756,"upper_bound":20002.723773367714},"point_estimate":15318.599088674004,"standard_error":2190.947352845039},"slope":{"confidence_interval":{"confidence_level":0.95,"lower_bound":1605626.287774645,"upper_bound":1618724.6992733136},"point_estimate":1611503.5735658342,"standard_error":3344.967695982771},"std_dev":{"confidence_interval":{"confidence_level":0.95,"lower_bound":18817.050158507358,"upper_bound":44254.48969746589},"point_estimate":32001.947096988424,"standard_error":6628.806194247141}}