{"mean":{"confidence_interval":{"confidence_level":0.95,"lower_bound":19070980.7725,"upper_bound":19123905.909500007},"point_estimate":19096551.566666674,"standard_error":13478.178086761833},"median":{"confidence_interval":{"confidence_level":0.95,"lower_bound":19044386.5,"upper_bound":19113981.666666664},"point_estimate":19071507.166666668,"standard_error":19185.900232429696},"median_abs_dev":{"confidence_interval":{"confidence_level":0.95,"lower_bound":89401.69886030433,"upper_bound":148306.94636702444},"point_estimate":110367.46014058405,"standard_error":15176.174829924956},"slope":null,"std_dev":{"confidence_interval":{"confidence_level":0.95,"lower_bound":108119.17306009925,"upper_bound":160604.52050524464},"point_estimate":134960.61505667845,"standard_error":13492.212729333572}}