{"mean":{"confidence_interval":{"confidence_level":0.95,"lower_bound":6901350.43,"upper_bound":7319331.088999998},"point_estimate":7095345.355714288,"standard_error":106953.8013582002},"median":{"confidence_interval":{"confidence_level":0.95,"lower_bound":6759919.428571429,"upper_bound":7021934.571428571},"point_estimate":6913245.285714285,"standard_error":72501.89702986238},"median_abs_dev":{"confidence_interval":{"confidence_level":0.95,"lower_bound":406951.1360751727,"upper_bound":821968.2514071465},"point_estimate":568507.5136069739,"standard_error":101274.90436552341},"slope":null,"std_dev":{"confidence_interval":{"confidence_level":0.95,"lower_bound":658870.8173521189,"upper_bound":1437188.4402770558},"point_estimate":1074864.8920062617,"standard_error":200113.11633828923}}