{"mean":{"confidence_interval":{"confidence_level":0.95,"lower_bound":22880082.378083333,"upper_bound":23414157.50258333},"point_estimate":23134125.49000001,"standard_error":136360.97901432257},"median":{"confidence_interval":{"confidence_level":0.95,"lower_bound":22486638.666666668,"upper_bound":22655798.333333332},"point_estimate":22523937.0,"standard_error":37649.62704989815},"median_abs_dev":{"confidence_interval":{"confidence_level":0.95,"lower_bound":244800.97725391388,"upper_bound":480932.20406174473},"point_estimate":325006.91772997566,"standard_error":58525.491562258154},"slope":null,"std_dev":{"confidence_interval":{"confidence_level":0.95,"lower_bound":1028078.3659374082,"upper_bound":1669808.2249322964},"point_estimate":1369782.01496547,"standard_error":163523.08300318557}}