{"mean":{"confidence_interval":{"confidence_level":0.95,"lower_bound":44783113.995500006,"upper_bound":47163609.357250005},"point_estimate":45965643.575,"standard_error":606839.6947498972},"median":{"confidence_interval":{"confidence_level":0.95,"lower_bound":42976209.5,"upper_bound":47388974.0},"point_estimate":45888259.75,"standard_error":1169655.2486779133},"median_abs_dev":{"confidence_interval":{"confidence_level":0.95,"lower_bound":5624503.937745094,"upper_bound":8230900.23612231},"point_estimate":7230529.617932439,"standard_error":638849.3181549262},"slope":null,"std_dev":{"confidence_interval":{"confidence_level":0.95,"lower_bound":5379051.007381012,"upper_bound":6712705.464093306},"point_estimate":6090579.605828227,"standard_error":340642.9454572834}}