{"mean":{"confidence_interval":{"confidence_level":0.95,"lower_bound":7668657.746392857,"upper_bound":7722985.634000001},"point_estimate":7694335.738571427,"standard_error":13817.692074060731},"median":{"confidence_interval":{"confidence_level":0.95,"lower_bound":7630291.571428571,"upper_bound":7679884.142857143},"point_estimate":7659121.214285715,"standard_error":13481.630048009367},"median_abs_dev":{"confidence_interval":{"confidence_level":0.95,"lower_bound":67505.53020153746,"upper_bound":116692.90232828715},"point_estimate":90838.90038728714,"standard_error":13504.238022873298},"slope":null,"std_dev":{"confidence_interval":{"confidence_level":0.95,"lower_bound":99739.73436695879,"upper_bound":179866.5774510816},"point_estimate":139173.70134635377,"standard_error":20986.85403352023}}