{"mean":{"confidence_interval":{"confidence_level":0.95,"lower_bound":28291346.017,"upper_bound":28870826.502499998},"point_estimate":28570565.41,"standard_error":147370.66728192448},"median":{"confidence_interval":{"confidence_level":0.95,"lower_bound":27823975.5,"upper_bound":28120102.0},"point_estimate":27868558.25,"standard_error":67055.08193164086},"median_abs_dev":{"confidence_interval":{"confidence_level":0.95,"lower_bound":418502.39017009735,"upper_bound":854784.1192245483},"point_estimate":577981.962838769,"standard_error":106397.98739155175},"slope":null,"std_dev":{"confidence_interval":{"confidence_level":0.95,"lower_bound":1209408.6647972395,"upper_bound":1682459.4026754678},"point_estimate":1474875.297751643,"standard_error":120366.94033914652}}