{"mean":{"confidence_interval":{"confidence_level":0.95,"lower_bound":3478931.9102500007,"upper_bound":3588586.4233666663},"point_estimate":3529977.365333333,"standard_error":28074.303584052854},"median":{"confidence_interval":{"confidence_level":0.95,"lower_bound":3426442.6666666665,"upper_bound":3452292.6},"point_estimate":3436260.8666666667,"standard_error":7279.704792254914},"median_abs_dev":{"confidence_interval":{"confidence_level":0.95,"lower_bound":38473.32105696222,"upper_bound":72420.91673827212},"point_estimate":51519.45952534696,"standard_error":8214.17154194157},"slope":null,"std_dev":{"confidence_interval":{"confidence_level":0.95,"lower_bound":186838.46312202746,"upper_bound":357790.7521596666},"point_estimate":283008.33641945815,"standard_error":43707.01886959905}}