{"mean":{"confidence_interval":{"confidence_level":0.95,"lower_bound":7268974.88467857,"upper_bound":8250111.659250001},"point_estimate":7730620.207142857,"standard_error":251088.9979602848},"median":{"confidence_interval":{"confidence_level":0.95,"lower_bound":6633661.714285715,"upper_bound":6730046.857142857},"point_estimate":6657806.142857143,"standard_error":24625.013889147154},"median_abs_dev":{"confidence_interval":{"confidence_level":0.95,"lower_bound":112673.46789964648,"upper_bound":289952.3945523157},"point_estimate":178942.9333231274,"standard_error":48372.35952454156},"slope":null,"std_dev":{"confidence_interval":{"confidence_level":0.95,"lower_bound":1756190.7110982768,"upper_bound":3116385.3058482106},"point_estimate":2517435.172612219,"standard_error":347440.8849561679}}