{"mean":{"confidence_interval":{"confidence_level":0.95,"lower_bound":5146119.451425005,"upper_bound":5192530.375325002},"point_estimate":5168716.880000001,"standard_error":11856.157127075316},"median":{"confidence_interval":{"confidence_level":0.95,"lower_bound":5127869.449999999,"upper_bound":5166603.8},"point_estimate":5144374.300000001,"standard_error":8039.712801451087},"median_abs_dev":{"confidence_interval":{"confidence_level":0.95,"lower_bound":58284.85972523772,"upper_bound":112925.16624967761},"point_estimate":81910.46095579807,"standard_error":13112.615107731774},"slope":null,"std_dev":{"confidence_interval":{"confidence_level":0.95,"lower_bound":96684.55431616632,"upper_bound":138968.46711337235},"point_estimate":119113.7644812325,"standard_error":10826.212763044545}}