{"mean":{"confidence_interval":{"confidence_level":0.95,"lower_bound":30860858.662375,"upper_bound":31483507.101249997},"point_estimate":31157020.325,"standard_error":159162.4640082803},"median":{"confidence_interval":{"confidence_level":0.95,"lower_bound":30360013.5,"upper_bound":30645231.75},"point_estimate":30468828.0,"standard_error":76547.19719653395},"median_abs_dev":{"confidence_interval":{"confidence_level":0.95,"lower_bound":399351.646310091,"upper_bound":900223.5845178366},"point_estimate":631004.9269974232,"standard_error":128838.5461542013},"slope":null,"std_dev":{"confidence_interval":{"confidence_level":0.95,"lower_bound":1225056.0061179318,"upper_bound":1921690.4346422935},"point_estimate":1592322.9305254824,"standard_error":178990.56966442728}}