{"mean":{"confidence_interval":{"confidence_level":0.95,"lower_bound":25506429.69375,"upper_bound":27160224.790749997},"point_estimate":26289598.59,"standard_error":423107.8501007016},"median":{"confidence_interval":{"confidence_level":0.95,"lower_bound":24311370.25,"upper_bound":24590619.0},"point_estimate":24438520.5,"standard_error":63137.2446812148},"median_abs_dev":{"confidence_interval":{"confidence_level":0.95,"lower_bound":310425.6705388427,"upper_bound":759114.9081230164},"point_estimate":470598.72934520245,"standard_error":110360.7616836341},"slope":null,"std_dev":{"confidence_interval":{"confidence_level":0.95,"lower_bound":3168905.9250546074,"upper_bound":5108616.313385194},"point_estimate":4255949.698408912,"standard_error":495838.55672369926}}