{"mean":{"confidence_interval":{"confidence_level":0.95,"lower_bound":5549521.568775001,"upper_bound":5676267.746575002},"point_estimate":5601733.504000001,"standard_error":33229.39197596644},"median":{"confidence_interval":{"confidence_level":0.95,"lower_bound":5494113.5,"upper_bound":5615279.3},"point_estimate":5544711.05,"standard_error":26931.02059795951},"median_abs_dev":{"confidence_interval":{"confidence_level":0.95,"lower_bound":101268.4722921251,"upper_bound":184461.23396515765},"point_estimate":155643.79001677077,"standard_error":19910.014876566256},"slope":null,"std_dev":{"confidence_interval":{"confidence_level":0.95,"lower_bound":129088.81732722554,"upper_bound":533728.2213165115},"point_estimate":333268.05664120027,"standard_error":131768.13631451927}}