{"mean":{"confidence_interval":{"confidence_level":0.95,"lower_bound":82151747.63875,"upper_bound":96511652.43124999},"point_estimate":89079583.72,"standard_error":3643730.2234563767},"median":{"confidence_interval":{"confidence_level":0.95,"lower_bound":68644370.0,"upper_bound":82696222.0},"point_estimate":74856869.5,"standard_error":3500570.6863605143},"median_abs_dev":{"confidence_interval":{"confidence_level":0.95,"lower_bound":15371884.151494503,"upper_bound":31934665.24924636},"point_estimate":23015234.095197916,"standard_error":4365641.01592326},"slope":null,"std_dev":{"confidence_interval":{"confidence_level":0.95,"lower_bound":29918851.1692087,"upper_bound":42296079.82633566},"point_estimate":36673583.9749132,"standard_error":3164973.810536371}}