{"mean":{"confidence_interval":{"confidence_level":0.95,"lower_bound":1332739.004082345,"upper_bound":1408793.1271376505},"point_estimate":1365138.8670769471,"standard_error":19695.1388497059},"median":{"confidence_interval":{"confidence_level":0.95,"lower_bound":1314420.9872549018,"upper_bound":1328335.8333333335},"point_estimate":1319553.6005639099,"standard_error":3811.2087050906744},"median_abs_dev":{"confidence_interval":{"confidence_level":0.95,"lower_bound":20417.769848601776,"upper_bound":37514.879842364855},"point_estimate":28330.86147283008,"standard_error":4569.956924334238},"slope":{"confidence_interval":{"confidence_level":0.95,"lower_bound":1321986.573419137,"upper_bound":1339465.7862331436},"point_estimate":1330163.4789212353,"standard_error":4460.527833630048},"std_dev":{"confidence_interval":{"confidence_level":0.95,"lower_bound":59860.422975839654,"upper_bound":308870.53069404146},"point_estimate":197698.35577040206,"standard_error":66164.3297232091}}