{"mean":{"confidence_interval":{"confidence_level":0.95,"lower_bound":8242233.164624998,"upper_bound":8409070.60516667},"point_estimate":8322859.068333337,"standard_error":42661.06762343378},"median":{"confidence_interval":{"confidence_level":0.95,"lower_bound":8087974.916666666,"upper_bound":8255473.833333334},"point_estimate":8128265.583333333,"standard_error":41827.79275493408},"median_abs_dev":{"confidence_interval":{"confidence_level":0.95,"lower_bound":161027.1815624461,"upper_bound":360229.53950464725},"point_estimate":224923.14165681624,"standard_error":48406.13830801198},"slope":null,"std_dev":{"confidence_interval":{"confidence_level":0.95,"lower_bound":350917.22470657236,"upper_bound":493275.0390924043},"point_estimate":428661.7538503144,"standard_error":36427.23819090043}}