{"mean":{"confidence_interval":{"confidence_level":0.95,"lower_bound":7226320.9114285745,"upper_bound":7284632.916214285},"point_estimate":7253925.499999997,"standard_error":14910.555796472725},"median":{"confidence_interval":{"confidence_level":0.95,"lower_bound":7184243.142857143,"upper_bound":7229521.714285715},"point_estimate":7203898.857142857,"standard_error":10873.32983292218},"median_abs_dev":{"confidence_interval":{"confidence_level":0.95,"lower_bound":56903.351889763166,"upper_bound":108636.98357130711},"point_estimate":80585.98026931286,"standard_error":13485.40717807414},"slope":null,"std_dev":{"confidence_interval":{"confidence_level":0.95,"lower_bound":106072.93970771863,"upper_bound":190415.35310567403},"point_estimate":150565.1681039629,"standard_error":21622.350321540795}}