{"mean":{"confidence_interval":{"confidence_level":0.95,"lower_bound":30297113.686875,"upper_bound":32177744.59},"point_estimate":31167007.925,"standard_error":485408.0065462357},"median":{"confidence_interval":{"confidence_level":0.95,"lower_bound":29282025.0,"upper_bound":30614425.5},"point_estimate":29855759.0,"standard_error":329254.1912984925},"median_abs_dev":{"confidence_interval":{"confidence_level":0.95,"lower_bound":1822371.857446432,"upper_bound":3129077.652847767},"point_estimate":2504292.974039912,"standard_error":332972.5853642736},"slope":null,"std_dev":{"confidence_interval":{"confidence_level":0.95,"lower_bound":3006359.194972458,"upper_bound":6705337.450028561},"point_estimate":4895181.378804427,"standard_error":959148.6491509613}}