{"mean":{"confidence_interval":{"confidence_level":0.95,"lower_bound":10914517.03115,"upper_bound":10959691.6059},"point_estimate":10934789.508,"standard_error":11532.609669983158},"median":{"confidence_interval":{"confidence_level":0.95,"lower_bound":10897985.2,"upper_bound":10930751.6},"point_estimate":10912468.8,"standard_error":6923.984610865604},"median_abs_dev":{"confidence_interval":{"confidence_level":0.95,"lower_bound":48599.62713718414,"upper_bound":85251.57412648256},"point_estimate":72672.7511698002,"standard_error":10166.090541764072},"slope":null,"std_dev":{"confidence_interval":{"confidence_level":0.95,"lower_bound":67561.33022280691,"upper_bound":168672.3106338885},"point_estimate":115600.23054325143,"standard_error":29765.667262810894}}