{"mean":{"confidence_interval":{"confidence_level":0.95,"lower_bound":4621833.968318182,"upper_bound":4664746.026363638},"point_estimate":4643034.456363637,"standard_error":10987.934111950435},"median":{"confidence_interval":{"confidence_level":0.95,"lower_bound":4614247.772727273,"upper_bound":4652521.227272727},"point_estimate":4634827.727272727,"standard_error":11107.910161620692},"median_abs_dev":{"confidence_interval":{"confidence_level":0.95,"lower_bound":56487.1937789699,"upper_bound":98669.2521482706},"point_estimate":71655.47193695136,"standard_error":11491.76942119835},"slope":null,"std_dev":{"confidence_interval":{"confidence_level":0.95,"lower_bound":91432.47502526165,"upper_bound":127609.04741772261},"point_estimate":110325.81883214692,"standard_error":9237.508941365139}}