{"mean":{"confidence_interval":{"confidence_level":0.95,"lower_bound":3917544.2930769236,"upper_bound":4522450.266423076},"point_estimate":4200392.512307697,"standard_error":154827.7780706412},"median":{"confidence_interval":{"confidence_level":0.95,"lower_bound":3582184.846153846,"upper_bound":3599171.8076923075},"point_estimate":3590595.1923076925,"standard_error":4195.674635334214},"median_abs_dev":{"confidence_interval":{"confidence_level":0.95,"lower_bound":31088.068617307035,"upper_bound":77042.85144760086},"point_estimate":47083.611641022166,"standard_error":12120.409662419988},"slope":null,"std_dev":{"confidence_interval":{"confidence_level":0.95,"lower_bound":1082696.7879625228,"upper_bound":1931490.4333093758},"point_estimate":1559847.9416376129,"standard_error":216350.81510937592}}