{"mean":{"confidence_interval":{"confidence_level":0.95,"lower_bound":29139705.885,"upper_bound":29257175.527999997},"point_estimate":29196958.725,"standard_error":29911.34372041911},"median":{"confidence_interval":{"confidence_level":0.95,"lower_bound":29086146.5,"upper_bound":29212594.25},"point_estimate":29159746.5,"standard_error":29829.018685914187},"median_abs_dev":{"confidence_interval":{"confidence_level":0.95,"lower_bound":212489.80500005186,"upper_bound":335696.5870901942},"point_estimate":259719.26883906126,"standard_error":32302.728176970595},"slope":null,"std_dev":{"confidence_interval":{"confidence_level":0.95,"lower_bound":240621.91575721855,"upper_bound":353416.5066702893},"point_estimate":299106.511548772,"standard_error":28972.919831814717}}