{"mean":{"confidence_interval":{"confidence_level":0.95,"lower_bound":32947147.55225,"upper_bound":33494791.655},"point_estimate":33206695.405,"standard_error":139791.3724830286},"median":{"confidence_interval":{"confidence_level":0.95,"lower_bound":32582554.5,"upper_bound":32818308.0},"point_estimate":32694602.5,"standard_error":62753.575656502784},"median_abs_dev":{"confidence_interval":{"confidence_level":0.95,"lower_bound":321709.9149972573,"upper_bound":732498.5320955515},"point_estimate":485116.3482874632,"standard_error":103107.14841758204},"slope":null,"std_dev":{"confidence_interval":{"confidence_level":0.95,"lower_bound":1032350.6858802057,"upper_bound":1703076.0481735503},"point_estimate":1399945.76789866,"standard_error":171177.76700847934}}