{"mean":{"confidence_interval":{"confidence_level":0.95,"lower_bound":3738865.879250002,"upper_bound":3872978.4218928576},"point_estimate":3802774.8728571427,"standard_error":34212.3463885576},"median":{"confidence_interval":{"confidence_level":0.95,"lower_bound":3648741.964285714,"upper_bound":3666739.3571428573},"point_estimate":3658294.7857142854,"standard_error":4393.5352237414845},"median_abs_dev":{"confidence_interval":{"confidence_level":0.95,"lower_bound":29357.739120046233,"upper_bound":77711.53662034517},"point_estimate":57565.86227800145,"standard_error":13434.08924002114},"slope":null,"std_dev":{"confidence_interval":{"confidence_level":0.95,"lower_bound":259968.1962765249,"upper_bound":407377.6676746016},"point_estimate":342756.20447958645,"standard_error":37590.560136623084}}