{"mean":{"confidence_interval":{"confidence_level":0.95,"lower_bound":9723533.3,"upper_bound":9912887.677083336},"point_estimate":9811915.300000003,"standard_error":48374.71725435198},"median":{"confidence_interval":{"confidence_level":0.95,"lower_bound":9590366.25,"upper_bound":9826089.166666666},"point_estimate":9682605.833333334,"standard_error":63536.824096461554},"median_abs_dev":{"confidence_interval":{"confidence_level":0.95,"lower_bound":249488.58772069216,"upper_bound":432060.7391306394},"point_estimate":339017.1168312421,"standard_error":44786.914704281626},"slope":null,"std_dev":{"confidence_interval":{"confidence_level":0.95,"lower_bound":330975.1425939261,"upper_bound":653123.4207177028},"point_estimate":485412.407040013,"standard_error":87796.60489424248}}