{"mean":{"confidence_interval":{"confidence_level":0.95,"lower_bound":8126887.396571432,"upper_bound":8164592.441321426},"point_estimate":8145035.532857139,"standard_error":9598.659243715227},"median":{"confidence_interval":{"confidence_level":0.95,"lower_bound":8106379.142857143,"upper_bound":8138893.428571428},"point_estimate":8117151.785714285,"standard_error":8598.489788840436},"median_abs_dev":{"confidence_interval":{"confidence_level":0.95,"lower_bound":49899.867314100266,"upper_bound":90207.10099850401},"point_estimate":68645.33188130155,"standard_error":10833.395140174705},"slope":null,"std_dev":{"confidence_interval":{"confidence_level":0.95,"lower_bound":75066.21810305203,"upper_bound":114815.40305762249},"point_estimate":96581.32123824599,"standard_error":10168.744972821794}}