{"mean":{"confidence_interval":{"confidence_level":0.95,"lower_bound":4980510.979824998,"upper_bound":5030511.371575003},"point_estimate":5004137.905,"standard_error":12766.662257644211},"median":{"confidence_interval":{"confidence_level":0.95,"lower_bound":4950114.2,"upper_bound":4993216.8},"point_estimate":4975162.4,"standard_error":10696.027962060687},"median_abs_dev":{"confidence_interval":{"confidence_level":0.95,"lower_bound":50228.41146826827,"upper_bound":92832.62670189004},"point_estimate":58110.9507483255,"standard_error":11364.664480163274},"slope":null,"std_dev":{"confidence_interval":{"confidence_level":0.95,"lower_bound":94279.25318350222,"upper_bound":161634.02799468744},"point_estimate":128159.37002892679,"standard_error":17357.208523648893}}