{"mean":{"confidence_interval":{"confidence_level":0.95,"lower_bound":25148266.05008333,"upper_bound":25292336.416166663},"point_estimate":25219218.396666683,"standard_error":36703.542487651604},"median":{"confidence_interval":{"confidence_level":0.95,"lower_bound":25092312.333333336,"upper_bound":25144873.333333332},"point_estimate":25115918.833333336,"standard_error":13746.398804329792},"median_abs_dev":{"confidence_interval":{"confidence_level":0.95,"lower_bound":108681.74397051426,"upper_bound":431264.36364352796},"point_estimate":191117.76190698054,"standard_error":80798.93915087072},"slope":null,"std_dev":{"confidence_interval":{"confidence_level":0.95,"lower_bound":314884.3153719556,"upper_bound":412055.10828803014},"point_estimate":368227.87689254264,"standard_error":24864.85060794041}}