{"mean":{"confidence_interval":{"confidence_level":0.95,"lower_bound":6488093.345464288,"upper_bound":7815235.104500005},"point_estimate":7122795.430000002,"standard_error":339115.4321988102},"median":{"confidence_interval":{"confidence_level":0.95,"lower_bound":5310300.142857143,"upper_bound":6180015.0},"point_estimate":5691799.642857144,"standard_error":255468.5005301749},"median_abs_dev":{"confidence_interval":{"confidence_level":0.95,"lower_bound":733482.6925480788,"upper_bound":1772690.5677284508},"point_estimate":1097628.3822132011,"standard_error":264083.7726633102},"slope":null,"std_dev":{"confidence_interval":{"confidence_level":0.95,"lower_bound":2626579.396899815,"upper_bound":4045281.161112079},"point_estimate":3409237.3686567596,"standard_error":362313.65867250226}}