{"mean":{"confidence_interval":{"confidence_level":0.95,"lower_bound":10430850.03505,"upper_bound":10547949.45145},"point_estimate":10488006.534000004,"standard_error":30038.89056629519},"median":{"confidence_interval":{"confidence_level":0.95,"lower_bound":10402370.2,"upper_bound":10497606.399999999},"point_estimate":10455651.2,"standard_error":26211.827330189044},"median_abs_dev":{"confidence_interval":{"confidence_level":0.95,"lower_bound":202041.01489305607,"upper_bound":330830.91636657907},"point_estimate":261881.12199067988,"standard_error":33332.84050716645},"slope":null,"std_dev":{"confidence_interval":{"confidence_level":0.95,"lower_bound":244083.50260686973,"upper_bound":355955.8258211491},"point_estimate":302928.10903652443,"standard_error":28725.609655600623}}