{"mean":{"confidence_interval":{"confidence_level":0.95,"lower_bound":5154097.261199998,"upper_bound":5203156.7419},"point_estimate":5177690.673,"standard_error":12571.1553342125},"median":{"confidence_interval":{"confidence_level":0.95,"lower_bound":5122439.2,"upper_bound":5171741.0},"point_estimate":5152816.05,"standard_error":12763.679309883431},"median_abs_dev":{"confidence_interval":{"confidence_level":0.95,"lower_bound":58201.75999671193,"upper_bound":113795.1818597314},"point_estimate":76253.74901622493,"standard_error":13820.059121797438},"slope":null,"std_dev":{"confidence_interval":{"confidence_level":0.95,"lower_bound":97795.34909626088,"upper_bound":151800.81288617707},"point_estimate":126151.6236013574,"standard_error":13795.562965682468}}