{"mean":{"confidence_interval":{"confidence_level":0.95,"lower_bound":6550034.2349999985,"upper_bound":7676573.8911111085},"point_estimate":7083612.245555555,"standard_error":287872.8127146424},"median":{"confidence_interval":{"confidence_level":0.95,"lower_bound":5736136.777777778,"upper_bound":5890747.0},"point_estimate":5804530.277777778,"standard_error":37609.096641757074},"median_abs_dev":{"confidence_interval":{"confidence_level":0.95,"lower_bound":150254.01196579146,"upper_bound":369649.979737401},"point_estimate":257077.64633595943,"standard_error":61670.02884944991},"slope":null,"std_dev":{"confidence_interval":{"confidence_level":0.95,"lower_bound":2094417.5938262364,"upper_bound":3537125.8376541752},"point_estimate":2892075.69083392,"standard_error":368735.0455354868}}