{"mean":{"confidence_interval":{"confidence_level":0.95,"lower_bound":8606002.676666668,"upper_bound":8697770.717375003},"point_estimate":8650064.07166667,"standard_error":23382.99608772316},"median":{"confidence_interval":{"confidence_level":0.95,"lower_bound":8563590.666666668,"upper_bound":8591959.5},"point_estimate":8583973.25,"standard_error":7159.915684448935},"median_abs_dev":{"confidence_interval":{"confidence_level":0.95,"lower_bound":83388.83551955136,"upper_bound":178928.8133233781},"point_estimate":137063.89656662894,"standard_error":25915.258222727072},"slope":null,"std_dev":{"confidence_interval":{"confidence_level":0.95,"lower_bound":185191.40233695306,"upper_bound":276513.2765765388},"point_estimate":235160.4122268504,"standard_error":23232.299164332137}}