{"mean":{"confidence_interval":{"confidence_level":0.95,"lower_bound":57935408.985999994,"upper_bound":58923274.2515},"point_estimate":58410731.5,"standard_error":251520.2259478083},"median":{"confidence_interval":{"confidence_level":0.95,"lower_bound":57464339.0,"upper_bound":58265802.0},"point_estimate":57974773.5,"standard_error":202756.81936353655},"median_abs_dev":{"confidence_interval":{"confidence_level":0.95,"lower_bound":1318024.704900384,"upper_bound":2462639.6242994047},"point_estimate":1890916.1607295275,"standard_error":291534.1927729046},"slope":null,"std_dev":{"confidence_interval":{"confidence_level":0.95,"lower_bound":2000115.5089358897,"upper_bound":2995198.6234444845},"point_estimate":2522889.298678512,"standard_error":254787.14888042092}}