{"mean":{"confidence_interval":{"confidence_level":0.95,"lower_bound":2571986.8413499985,"upper_bound":2579001.619287499},"point_estimate":2575457.8365,"standard_error":1785.4075198395117},"median":{"confidence_interval":{"confidence_level":0.95,"lower_bound":2570429.8,"upper_bound":2577193.075},"point_estimate":2573520.0250000004,"standard_error":1683.4383692278795},"median_abs_dev":{"confidence_interval":{"confidence_level":0.95,"lower_bound":12741.24178379788,"upper_bound":22526.28485532842},"point_estimate":16240.066526680701,"standard_error":2486.5005394819827},"slope":null,"std_dev":{"confidence_interval":{"confidence_level":0.95,"lower_bound":15300.822729939611,"upper_bound":20403.34739369771},"point_estimate":17991.48813612892,"standard_error":1300.631646537287}}