{"mean":{"confidence_interval":{"confidence_level":0.95,"lower_bound":4865399.915650001,"upper_bound":5369668.548575001},"point_estimate":5103955.593999997,"standard_error":128840.57836501123},"median":{"confidence_interval":{"confidence_level":0.95,"lower_bound":4528053.7,"upper_bound":4551537.1},"point_estimate":4537251.35,"standard_error":6694.183739846425},"median_abs_dev":{"confidence_interval":{"confidence_level":0.95,"lower_bound":48859.30452257381,"upper_bound":107785.38873642751},"point_estimate":73691.3714817158,"standard_error":15404.010337956805},"slope":null,"std_dev":{"confidence_interval":{"confidence_level":0.95,"lower_bound":971070.6332226234,"upper_bound":1541209.286458165},"point_estimate":1291069.1198519794,"standard_error":145433.74537022845}}