{"mean":{"confidence_interval":{"confidence_level":0.95,"lower_bound":4520946.2119999975,"upper_bound":4560721.025295454},"point_estimate":4540595.286363635,"standard_error":10163.329426961158},"median":{"confidence_interval":{"confidence_level":0.95,"lower_bound":4505272.318181818,"upper_bound":4539937.454545454},"point_estimate":4528022.181818182,"standard_error":9326.508147936558},"median_abs_dev":{"confidence_interval":{"confidence_level":0.95,"lower_bound":58758.5369386455,"upper_bound":101104.96173230103},"point_estimate":78111.04917688778,"standard_error":10671.128297221363},"slope":null,"std_dev":{"confidence_interval":{"confidence_level":0.95,"lower_bound":85565.16247105527,"upper_bound":116130.65153244807},"point_estimate":101914.1994130409,"standard_error":7823.65716022132}}