{"mean":{"confidence_interval":{"confidence_level":0.95,"lower_bound":7668268.365428571,"upper_bound":7990401.096642858},"point_estimate":7825583.304285716,"standard_error":82752.09084032704},"median":{"confidence_interval":{"confidence_level":0.95,"lower_bound":7527327.571428572,"upper_bound":7972737.428571428},"point_estimate":7696951.285714285,"standard_error":110552.66302120857},"median_abs_dev":{"confidence_interval":{"confidence_level":0.95,"lower_bound":636516.7041995694,"upper_bound":998042.3537812078},"point_estimate":783277.7929940392,"standard_error":91458.90755130863},"slope":null,"std_dev":{"confidence_interval":{"confidence_level":0.95,"lower_bound":683208.1600655448,"upper_bound":967257.0503124499},"point_estimate":829640.4204391306,"standard_error":72818.14161725444}}