{"mean":{"confidence_interval":{"confidence_level":0.95,"lower_bound":9067687.990625001,"upper_bound":9090026.387833333},"point_estimate":9078642.726666665,"standard_error":5709.233419481101},"median":{"confidence_interval":{"confidence_level":0.95,"lower_bound":9064069.333333334,"upper_bound":9084028.166666666},"point_estimate":9074663.083333332,"standard_error":4342.795807012254},"median_abs_dev":{"confidence_interval":{"confidence_level":0.95,"lower_bound":30148.49440600903,"upper_bound":54369.28848475172},"point_estimate":42601.39829367399,"standard_error":6116.330594115894},"slope":null,"std_dev":{"confidence_interval":{"confidence_level":0.95,"lower_bound":45594.83314487271,"upper_bound":69586.27295041698},"point_estimate":57545.07297228682,"standard_error":6158.377741106175}}