{"mean":{"confidence_interval":{"confidence_level":0.95,"lower_bound":5231061.723124999,"upper_bound":5280498.017524999},"point_estimate":5254978.128,"standard_error":12619.304702393685},"median":{"confidence_interval":{"confidence_level":0.95,"lower_bound":5211320.35,"upper_bound":5249255.9},"point_estimate":5238672.95,"standard_error":8818.555681183081},"median_abs_dev":{"confidence_interval":{"confidence_level":0.95,"lower_bound":58757.06781685297,"upper_bound":101489.54092095047},"point_estimate":82885.86347848177,"standard_error":11140.647639364977},"slope":null,"std_dev":{"confidence_interval":{"confidence_level":0.95,"lower_bound":98875.80503224695,"upper_bound":150038.79086301156},"point_estimate":126564.92425294276,"standard_error":13081.611901504588}}