{"mean":{"confidence_interval":{"confidence_level":0.95,"lower_bound":3685835.6646964257,"upper_bound":3826569.212482142},"point_estimate":3751617.0349999983,"standard_error":36004.86339033338},"median":{"confidence_interval":{"confidence_level":0.95,"lower_bound":3608048.5,"upper_bound":3622227.714285714},"point_estimate":3617951.178571428,"standard_error":3465.216903352444},"median_abs_dev":{"confidence_interval":{"confidence_level":0.95,"lower_bound":36099.61495910357,"upper_bound":71033.05913891092},"point_estimate":51211.279940817985,"standard_error":8542.098229606272},"slope":null,"std_dev":{"confidence_interval":{"confidence_level":0.95,"lower_bound":248364.81863313852,"upper_bound":457818.4899091581},"point_estimate":362384.31362283544,"standard_error":53521.06559863705}}