{"mean":{"confidence_interval":{"confidence_level":0.95,"lower_bound":37688606.523375,"upper_bound":38311798.230500005},"point_estimate":37989678.9,"standard_error":159715.551408256},"median":{"confidence_interval":{"confidence_level":0.95,"lower_bound":37148890.5,"upper_bound":37425128.5},"point_estimate":37266829.25,"standard_error":78097.25695189809},"median_abs_dev":{"confidence_interval":{"confidence_level":0.95,"lower_bound":414125.38439780474,"upper_bound":912444.5263733711},"point_estimate":597776.5257373452,"standard_error":129901.3710927265},"slope":null,"std_dev":{"confidence_interval":{"confidence_level":0.95,"lower_bound":1310325.2326676142,"upper_bound":1858030.4041090875},"point_estimate":1611726.1602509082,"standard_error":140124.7463198661}}