{"mean":{"confidence_interval":{"confidence_level":0.95,"lower_bound":3456400.9974333323,"upper_bound":3473276.0334666637},"point_estimate":3463584.2113333326,"standard_error":4368.597701093206},"median":{"confidence_interval":{"confidence_level":0.95,"lower_bound":3452773.0666666664,"upper_bound":3459686.3},"point_estimate":3455690.166666667,"standard_error":2205.929666687537},"median_abs_dev":{"confidence_interval":{"confidence_level":0.95,"lower_bound":11933.15066814395,"upper_bound":25060.387355089188},"point_estimate":18107.04289853589,"standard_error":3476.2546258144857},"slope":null,"std_dev":{"confidence_interval":{"confidence_level":0.95,"lower_bound":19759.24777595778,"upper_bound":68106.84066015712},"point_estimate":43946.57459759781,"standard_error":14776.32145867904}}