{"mean":{"confidence_interval":{"confidence_level":0.95,"lower_bound":14568306.0308125,"upper_bound":14981876.5230625},"point_estimate":14765157.82,"standard_error":105392.57497809936},"median":{"confidence_interval":{"confidence_level":0.95,"lower_bound":14353366.125,"upper_bound":14815314.0},"point_estimate":14560678.5,"standard_error":135430.28856634384},"median_abs_dev":{"confidence_interval":{"confidence_level":0.95,"lower_bound":573818.2661376894,"upper_bound":903387.3462997932},"point_estimate":733717.0439489186,"standard_error":87656.16745009128},"slope":null,"std_dev":{"confidence_interval":{"confidence_level":0.95,"lower_bound":732942.1816763548,"upper_bound":1343455.3464002924},"point_estimate":1054623.208537832,"standard_error":156992.67766618068}}